{"timestamp": "2025-10-05T01:55:01.841276", "episode": 7, "epsilon": 0.009840333980856542, "total_reward": 87.54391479492188, "moving_avg_reward": 15.97022819519043, "rewards_last100": [-53.99730682373047, -29.328201293945312, 33.7696533203125, 47.038909912109375, 43.22071838378906, -16.456092834472656, 87.54391479492188], "training_progress": 20.7, "ai_status": "Learning...", "win_streak": 0, "best_streak": 0, "win_rate": 0.0, "total_wins": 0, "total_losses": 1, "game_outcome": "unknown", "learning_insights": 0, "recent_performance": {}, "recommendations_count": 0}