{"epsilon": 0.009840333980856542, "episode": 7, "total_reward": 87.54391479492188, "avg_reward": 15.97022819519043}